{
  "aws_region": "us-east-1",
  "project_name": "ai-image-recognition",
  "environment": "dev",
  
  "lambda": {
    "timeout": 30,
    "memory_size": 512,
    "runtime": "python3.9"
  },
  
  "sagemaker": {
    "instance_type": "ml.p3.2xlarge",
    "instance_count": 1,
    "training_image": "763104351884.dkr.ecr.us-east-1.amazonaws.com/pytorch-training:1.13.1-gpu-py39-cu117-ubuntu20.04-ec2",
    "inference_image": "763104351884.dkr.ecr.us-east-1.amazonaws.com/pytorch-inference:1.13.1-cpu-py39-ubuntu20.04-ec2"
  },
  
  "api_gateway": {
    "stage_name": "prod",
    "throttling": {
      "rate_limit": 1000,
      "burst_limit": 100
    }
  },
  
  "s3": {
    "data_bucket_prefix": "ai-image-recognition-data",
    "model_bucket_prefix": "ai-image-recognition-models",
    "versioning": true,
    "encryption": true
  },
  
  "monitoring": {
    "create_dashboard": true,
    "enable_alarms": true,
    "log_retention_days": 30
  },
  
  "security": {
    "enable_api_keys": false,
    "enable_cors": true,
    "allowed_origins": ["*"]
  },
  
  "training": {
    "default_epochs": 10,
    "default_learning_rate": 0.001,
    "default_batch_size": 32,
    "default_model_name": "resnet50",
    "supported_models": ["resnet18", "resnet50", "efficientnet_b0", "densenet121"]
  },
  
  "inference": {
    "max_image_size_mb": 5,
    "supported_formats": ["jpg", "jpeg", "png", "bmp", "tiff"],
    "input_size": 224,
    "top_k_predictions": 5
  }
}
